"week_ending_date","nhs_board_cypher","nhs_board_name","location_code","location_name","attendance","number_over_4_hours","percentage_within_4_hours","number_over_8_hours","percentage_within_8_hours","number_over_12_hours","percentage_within_12_hours"
2015-02-22,"M","NHSScotland","M","NHSScotland",25606,3579,86,737,97.1,178,99.3
2015-03-01,"M","NHSScotland","M","NHSScotland",25387,3336,86.9,590,97.7,197,99.2
2015-03-08,"M","NHSScotland","M","NHSScotland",25188,2520,90,263,99,37,99.9
2015-03-15,"M","NHSScotland","M","NHSScotland",25222,1929,92.4,155,99.4,7,100
2015-03-22,"M","NHSScotland","M","NHSScotland",26241,2177,91.7,206,99.2,23,99.9
2015-03-29,"M","NHSScotland","M","NHSScotland",26383,2221,91.6,197,99.3,17,99.9
2015-04-05,"M","NHSScotland","M","NHSScotland",26232,2470,90.6,253,99,16,99.9
2015-04-12,"M","NHSScotland","M","NHSScotland",26628,2305,91.3,184,99.3,12,100
2015-04-19,"M","NHSScotland","M","NHSScotland",25579,2342,90.8,234,99.1,42,99.8
2015-04-26,"M","NHSScotland","M","NHSScotland",26290,1958,92.6,174,99.3,37,99.9
2015-05-03,"M","NHSScotland","M","NHSScotland",24911,1624,93.5,84,99.7,10,100
2015-05-10,"M","NHSScotland","M","NHSScotland",26070,1765,93.2,151,99.4,22,99.9
2015-05-17,"M","NHSScotland","M","NHSScotland",25707,2057,92,206,99.2,54,99.8
2015-05-24,"M","NHSScotland","M","NHSScotland",25376,1971,92.2,189,99.3,36,99.9
2015-05-31,"M","NHSScotland","M","NHSScotland",25728,1966,92.4,156,99.4,19,99.9
2015-06-07,"M","NHSScotland","M","NHSScotland",24711,1862,92.5,156,99.4,18,99.9
2015-06-14,"M","NHSScotland","M","NHSScotland",26411,2039,92.3,142,99.5,20,99.9
2015-06-21,"M","NHSScotland","M","NHSScotland",25370,1576,93.8,84,99.7,1,100
2015-06-28,"M","NHSScotland","M","NHSScotland",24720,1314,94.7,82,99.7,12,100
2015-07-05,"M","NHSScotland","M","NHSScotland",25430,1353,94.7,113,99.6,11,100
2015-07-12,"M","NHSScotland","M","NHSScotland",23645,1075,95.5,66,99.7,7,100
2015-07-19,"M","NHSScotland","M","NHSScotland",23841,1148,95.2,44,99.8,1,100
2015-07-26,"M","NHSScotland","M","NHSScotland",24053,1216,94.9,66,99.7,6,100
2015-08-02,"M","NHSScotland","M","NHSScotland",24239,1066,95.6,47,99.8,1,100
2015-08-09,"M","NHSScotland","M","NHSScotland",25309,1348,94.7,78,99.7,6,100
2015-08-16,"M","NHSScotland","M","NHSScotland",25377,1504,94.1,106,99.6,6,100
2015-08-23,"M","NHSScotland","M","NHSScotland",25734,1230,95.2,39,99.8,0,100
2015-08-30,"M","NHSScotland","M","NHSScotland",26673,1604,94,79,99.7,3,100
2015-09-06,"M","NHSScotland","M","NHSScotland",25907,1368,94.7,73,99.7,1,100
2015-09-13,"M","NHSScotland","M","NHSScotland",26180,1166,95.5,46,99.8,0,100
2015-09-20,"M","NHSScotland","M","NHSScotland",26112,1457,94.4,80,99.7,1,100
2015-09-27,"M","NHSScotland","M","NHSScotland",25230,1266,95,83,99.7,6,100
2015-10-04,"M","NHSScotland","M","NHSScotland",26034,1536,94.1,109,99.6,0,100
2015-10-11,"M","NHSScotland","M","NHSScotland",24929,1685,93.2,153,99.4,21,99.9
2015-10-18,"M","NHSScotland","M","NHSScotland",23856,1166,95.1,56,99.8,3,100
2015-10-25,"M","NHSScotland","M","NHSScotland",24585,1460,94.1,50,99.8,1,100
2015-11-01,"M","NHSScotland","M","NHSScotland",25103,1592,93.7,109,99.6,13,99.9
2015-11-08,"M","NHSScotland","M","NHSScotland",25010,1461,94.2,93,99.6,22,99.9
2015-11-15,"M","NHSScotland","M","NHSScotland",24150,1322,94.5,86,99.6,12,100
2015-11-22,"M","NHSScotland","M","NHSScotland",23934,1409,94.1,103,99.6,13,99.9
2015-11-29,"M","NHSScotland","M","NHSScotland",24147,1289,94.7,74,99.7,4,100
2015-12-06,"M","NHSScotland","M","NHSScotland",23836,1135,95.2,73,99.7,5,100
2015-12-13,"M","NHSScotland","M","NHSScotland",24126,1633,93.2,194,99.2,25,99.9
2015-12-20,"M","NHSScotland","M","NHSScotland",24280,1535,93.7,107,99.6,11,100
2015-12-27,"M","NHSScotland","M","NHSScotland",21939,909,95.9,44,99.8,4,100
2016-01-03,"M","NHSScotland","M","NHSScotland",24452,1725,92.9,97,99.6,3,100
2016-01-10,"M","NHSScotland","M","NHSScotland",24170,2892,88,559,97.7,85,99.6
2016-01-17,"M","NHSScotland","M","NHSScotland",23143,2096,90.9,230,99,31,99.9
2016-01-24,"M","NHSScotland","M","NHSScotland",23841,1421,94,103,99.6,16,99.9
2016-01-31,"M","NHSScotland","M","NHSScotland",24765,2356,90.5,363,98.5,87,99.6
2016-02-07,"M","NHSScotland","M","NHSScotland",25012,2114,91.5,258,99,42,99.8
2016-02-14,"M","NHSScotland","M","NHSScotland",25189,2537,89.9,346,98.6,78,99.7
2016-02-21,"M","NHSScotland","M","NHSScotland",24617,1527,93.8,101,99.6,19,99.9
2016-02-28,"M","NHSScotland","M","NHSScotland",25840,1850,92.8,191,99.3,21,99.9
2016-03-06,"M","NHSScotland","M","NHSScotland",26405,2249,91.5,168,99.4,30,99.9
2016-03-13,"M","NHSScotland","M","NHSScotland",26733,2076,92.2,176,99.3,16,99.9
2016-03-20,"M","NHSScotland","M","NHSScotland",27206,1902,93,134,99.5,32,99.9
2016-03-27,"M","NHSScotland","M","NHSScotland",26961,2168,92,205,99.2,35,99.9
2016-04-03,"M","NHSScotland","M","NHSScotland",26725,1940,92.7,115,99.6,6,100
2016-04-10,"M","NHSScotland","M","NHSScotland",24950,1483,94.1,153,99.4,28,99.9
2016-04-17,"M","NHSScotland","M","NHSScotland",24346,1500,93.8,97,99.6,14,99.9
2016-04-24,"M","NHSScotland","M","NHSScotland",26684,1319,95.1,59,99.8,8,100
2016-05-01,"M","NHSScotland","M","NHSScotland",25631,1154,95.5,37,99.9,0,100
2016-05-08,"M","NHSScotland","M","NHSScotland",26929,1760,93.5,91,99.7,3,100
2016-05-15,"M","NHSScotland","M","NHSScotland",27736,1924,93.1,130,99.5,5,100
2016-05-22,"M","NHSScotland","M","NHSScotland",26579,1654,93.8,138,99.5,22,99.9
2016-05-29,"M","NHSScotland","M","NHSScotland",27021,1574,94.2,77,99.7,7,100
2016-06-05,"M","NHSScotland","M","NHSScotland",28094,1542,94.5,66,99.8,1,100
2016-06-12,"M","NHSScotland","M","NHSScotland",27500,1449,94.7,88,99.7,6,100
2016-06-19,"M","NHSScotland","M","NHSScotland",25553,1543,94,107,99.6,14,99.9
2016-06-26,"M","NHSScotland","M","NHSScotland",26106,1109,95.8,47,99.8,3,100
2016-07-03,"M","NHSScotland","M","NHSScotland",24727,1079,95.6,41,99.8,0,100
2016-07-10,"M","NHSScotland","M","NHSScotland",24093,1185,95.1,51,99.8,4,100
2016-07-17,"M","NHSScotland","M","NHSScotland",24939,1341,94.6,64,99.7,3,100
2016-07-24,"M","NHSScotland","M","NHSScotland",25753,1423,94.5,89,99.7,5,100
2016-07-31,"M","NHSScotland","M","NHSScotland",24991,1173,95.3,57,99.8,7,100
2016-08-07,"M","NHSScotland","M","NHSScotland",25294,1332,94.7,60,99.8,0,100
2016-08-14,"M","NHSScotland","M","NHSScotland",24408,1437,94.1,48,99.8,11,100
2016-08-21,"M","NHSScotland","M","NHSScotland",26533,1594,94,47,99.8,0,100
2016-08-28,"M","NHSScotland","M","NHSScotland",27011,1774,93.4,95,99.6,12,100
2016-09-04,"M","NHSScotland","M","NHSScotland",27418,1608,94.1,48,99.8,1,100
2016-09-11,"M","NHSScotland","M","NHSScotland",27362,1867,93.2,105,99.6,17,99.9
2016-09-18,"M","NHSScotland","M","NHSScotland",27305,1548,94.3,102,99.6,19,99.9
2016-09-25,"M","NHSScotland","M","NHSScotland",26087,1308,95,80,99.7,14,99.9
2016-10-02,"M","NHSScotland","M","NHSScotland",26049,1597,93.9,106,99.6,19,99.9
2016-10-09,"M","NHSScotland","M","NHSScotland",26348,1927,92.7,128,99.5,22,99.9
2016-10-16,"M","NHSScotland","M","NHSScotland",24884,1359,94.5,56,99.8,1,100
2016-10-23,"M","NHSScotland","M","NHSScotland",24236,1738,92.8,241,99,51,99.8
2016-10-30,"M","NHSScotland","M","NHSScotland",25390,1924,92.4,144,99.4,16,99.9
2016-11-06,"M","NHSScotland","M","NHSScotland",25037,1584,93.7,115,99.5,21,99.9
2016-11-13,"M","NHSScotland","M","NHSScotland",24648,1759,92.9,154,99.4,11,100
2016-11-20,"M","NHSScotland","M","NHSScotland",25328,2124,91.6,184,99.3,31,99.9
2016-11-27,"M","NHSScotland","M","NHSScotland",24492,1762,92.8,144,99.4,26,99.9
2016-12-04,"M","NHSScotland","M","NHSScotland",25404,2057,91.9,156,99.4,27,99.9
2016-12-11,"M","NHSScotland","M","NHSScotland",25335,2521,90,286,98.9,52,99.8
2016-12-18,"M","NHSScotland","M","NHSScotland",25223,2474,90.2,250,99,16,99.9
2016-12-25,"M","NHSScotland","M","NHSScotland",22308,1439,93.5,77,99.7,6,100
2017-01-01,"M","NHSScotland","M","NHSScotland",25048,1872,92.5,85,99.7,3,100
2017-01-08,"M","NHSScotland","M","NHSScotland",25125,3046,87.9,444,98.2,90,99.6
2017-01-15,"M","NHSScotland","M","NHSScotland",22742,2263,90,365,98.4,110,99.5
2017-01-22,"M","NHSScotland","M","NHSScotland",23571,1717,92.7,174,99.3,16,99.9
2017-01-29,"M","NHSScotland","M","NHSScotland",23860,1791,92.5,176,99.3,25,99.9
2017-02-05,"M","NHSScotland","M","NHSScotland",25098,2139,91.5,185,99.3,20,99.9
2017-02-12,"M","NHSScotland","M","NHSScotland",23825,1979,91.7,196,99.2,54,99.8
2017-02-19,"M","NHSScotland","M","NHSScotland",24404,1676,93.1,143,99.4,20,99.9
2017-02-26,"M","NHSScotland","M","NHSScotland",24886,2131,91.4,251,99,40,99.8
2017-03-05,"M","NHSScotland","M","NHSScotland",25539,2321,90.9,292,98.9,59,99.8
2017-03-12,"M","NHSScotland","M","NHSScotland",26069,2033,92.2,146,99.4,19,99.9
2017-03-19,"M","NHSScotland","M","NHSScotland",26107,1865,92.9,146,99.4,21,99.9
2017-03-26,"M","NHSScotland","M","NHSScotland",25629,1655,93.5,137,99.5,36,99.9
2017-04-02,"M","NHSScotland","M","NHSScotland",26481,1987,92.5,141,99.5,12,100
2017-04-09,"M","NHSScotland","M","NHSScotland",25889,1857,92.8,147,99.4,10,100
2017-04-16,"M","NHSScotland","M","NHSScotland",25481,1940,92.4,127,99.5,24,99.9
2017-04-23,"M","NHSScotland","M","NHSScotland",26500,1857,93,122,99.5,12,100
2017-04-30,"M","NHSScotland","M","NHSScotland",26527,2262,91.5,208,99.2,41,99.8
2017-05-07,"M","NHSScotland","M","NHSScotland",28004,2115,92.4,146,99.5,5,100
2017-05-14,"M","NHSScotland","M","NHSScotland",27469,2019,92.6,158,99.4,21,99.9
2017-05-21,"M","NHSScotland","M","NHSScotland",26670,1687,93.7,145,99.5,10,100
2017-05-28,"M","NHSScotland","M","NHSScotland",27776,1988,92.8,109,99.6,3,100
2017-06-04,"M","NHSScotland","M","NHSScotland",27878,1633,94.1,112,99.6,26,99.9
2017-06-11,"M","NHSScotland","M","NHSScotland",25843,1202,95.3,39,99.8,1,100
2017-06-18,"M","NHSScotland","M","NHSScotland",27427,1555,94.3,95,99.7,27,99.9
2017-06-25,"M","NHSScotland","M","NHSScotland",27261,1511,94.5,70,99.7,11,100
2017-07-02,"M","NHSScotland","M","NHSScotland",24763,1236,95,71,99.7,2,100
2017-07-09,"M","NHSScotland","M","NHSScotland",25064,1376,94.5,62,99.8,0,100
2017-07-16,"M","NHSScotland","M","NHSScotland",24949,1198,95.2,49,99.8,2,100
2017-07-23,"M","NHSScotland","M","NHSScotland",25572,1169,95.4,31,99.9,1,100
2017-07-30,"M","NHSScotland","M","NHSScotland",25418,1198,95.3,53,99.8,5,100
2017-08-06,"M","NHSScotland","M","NHSScotland",25027,1485,94.1,103,99.6,18,99.9
2017-08-13,"M","NHSScotland","M","NHSScotland",25694,1471,94.3,69,99.7,3,100
2017-08-20,"M","NHSScotland","M","NHSScotland",25649,1507,94.1,87,99.7,13,99.9
2017-08-27,"M","NHSScotland","M","NHSScotland",26886,1544,94.3,74,99.7,8,100
2017-09-03,"M","NHSScotland","M","NHSScotland",27198,1744,93.6,82,99.7,12,100
2017-09-10,"M","NHSScotland","M","NHSScotland",26565,2111,92.1,145,99.5,11,100
2017-09-17,"M","NHSScotland","M","NHSScotland",26909,2041,92.4,193,99.3,41,99.8
2017-09-24,"M","NHSScotland","M","NHSScotland",27215,2143,92.1,159,99.4,27,99.9
2017-10-01,"M","NHSScotland","M","NHSScotland",27144,1940,92.9,155,99.4,34,99.9
2017-10-08,"M","NHSScotland","M","NHSScotland",26242,1675,93.6,108,99.6,6,100
2017-10-15,"M","NHSScotland","M","NHSScotland",26068,1957,92.5,218,99.2,25,99.9
2017-10-22,"M","NHSScotland","M","NHSScotland",24470,1463,94,136,99.4,18,99.9
2017-10-29,"M","NHSScotland","M","NHSScotland",25577,1499,94.1,87,99.7,8,100
2017-11-05,"M","NHSScotland","M","NHSScotland",25468,1454,94.3,116,99.5,21,99.9
2017-11-12,"M","NHSScotland","M","NHSScotland",25562,1766,93.1,155,99.4,34,99.9
2017-11-19,"M","NHSScotland","M","NHSScotland",25803,1889,92.7,126,99.5,20,99.9
2017-11-26,"M","NHSScotland","M","NHSScotland",25668,2026,92.1,223,99.1,48,99.8
2017-12-03,"M","NHSScotland","M","NHSScotland",25847,2658,89.7,284,98.9,47,99.8
2017-12-10,"M","NHSScotland","M","NHSScotland",25785,3317,87.1,428,98.3,100,99.6
2017-12-17,"M","NHSScotland","M","NHSScotland",29016,5480,81.1,754,97.4,217,99.3
2017-12-24,"M","NHSScotland","M","NHSScotland",26676,4500,83.1,649,97.6,122,99.5
2017-12-31,"M","NHSScotland","M","NHSScotland",25867,5667,78.1,1128,95.6,260,99
2018-01-07,"M","NHSScotland","M","NHSScotland",25323,5614,77.8,1461,94.2,463,98.2
2018-01-14,"M","NHSScotland","M","NHSScotland",22889,3252,85.8,565,97.5,131,99.4
2018-01-21,"M","NHSScotland","M","NHSScotland",22922,3062,86.6,427,98.1,79,99.7
2018-01-28,"M","NHSScotland","M","NHSScotland",24255,2529,89.6,309,98.7,83,99.7
2018-02-04,"M","NHSScotland","M","NHSScotland",24931,2346,90.6,196,99.2,34,99.9
2018-02-11,"M","NHSScotland","M","NHSScotland",24923,2682,89.2,254,99,58,99.8
2018-02-18,"M","NHSScotland","M","NHSScotland",25148,2740,89.1,198,99.2,31,99.9
2018-02-25,"M","NHSScotland","M","NHSScotland",25870,3143,87.9,337,98.7,57,99.8
2018-03-04,"M","NHSScotland","M","NHSScotland",21865,2570,88.2,305,98.6,63,99.7
2018-03-11,"M","NHSScotland","M","NHSScotland",26005,4251,83.7,771,97,214,99.2
2018-03-18,"M","NHSScotland","M","NHSScotland",26466,3592,86.4,512,98.1,133,99.5
2018-03-25,"M","NHSScotland","M","NHSScotland",26591,3062,88.5,322,98.8,75,99.7
2018-04-01,"M","NHSScotland","M","NHSScotland",26590,3457,87,452,98.3,124,99.5
2018-04-08,"M","NHSScotland","M","NHSScotland",25394,3118,87.7,347,98.6,77,99.7
2018-04-15,"M","NHSScotland","M","NHSScotland",25067,3171,87.3,438,98.3,90,99.6
2018-04-22,"M","NHSScotland","M","NHSScotland",27772,3442,87.6,345,98.8,63,99.8
2018-04-29,"M","NHSScotland","M","NHSScotland",26469,2471,90.7,226,99.1,50,99.8
2018-05-06,"M","NHSScotland","M","NHSScotland",26951,2234,91.7,172,99.4,26,99.9
2018-05-13,"M","NHSScotland","M","NHSScotland",28217,2578,90.9,199,99.3,34,99.9
2018-05-20,"M","NHSScotland","M","NHSScotland",27974,2010,92.8,99,99.6,10,100
2018-05-27,"M","NHSScotland","M","NHSScotland",28504,2165,92.4,103,99.6,6,100
2018-06-03,"M","NHSScotland","M","NHSScotland",29445,2692,90.9,159,99.5,19,99.9
2018-06-10,"M","NHSScotland","M","NHSScotland",28828,2410,91.6,183,99.4,29,99.9
2018-06-17,"M","NHSScotland","M","NHSScotland",27147,2116,92.2,139,99.5,19,99.9
2018-06-24,"M","NHSScotland","M","NHSScotland",27096,2129,92.1,137,99.5,19,99.9
2018-07-01,"M","NHSScotland","M","NHSScotland",28053,2598,90.7,211,99.2,31,99.9
2018-07-08,"M","NHSScotland","M","NHSScotland",27532,2304,91.6,145,99.5,21,99.9
2018-07-15,"M","NHSScotland","M","NHSScotland",26181,1980,92.4,96,99.6,17,99.9
2018-07-22,"M","NHSScotland","M","NHSScotland",26368,2206,91.6,118,99.6,12,100
2018-07-29,"M","NHSScotland","M","NHSScotland",26223,2174,91.7,121,99.5,27,99.9
2018-08-05,"M","NHSScotland","M","NHSScotland",26258,2238,91.5,127,99.5,20,99.9
2018-08-12,"M","NHSScotland","M","NHSScotland",26489,2535,90.4,160,99.4,21,99.9
2018-08-19,"M","NHSScotland","M","NHSScotland",26290,2499,90.5,177,99.3,18,99.9
2018-08-26,"M","NHSScotland","M","NHSScotland",26930,2617,90.3,189,99.3,25,99.9
2018-09-02,"M","NHSScotland","M","NHSScotland",27347,2620,90.4,171,99.4,16,99.9
2018-09-09,"M","NHSScotland","M","NHSScotland",27428,2878,89.5,196,99.3,37,99.9
2018-09-16,"M","NHSScotland","M","NHSScotland",26752,2722,89.8,184,99.3,22,99.9
2018-09-23,"M","NHSScotland","M","NHSScotland",26745,3066,88.5,340,98.7,90,99.7
2018-09-30,"M","NHSScotland","M","NHSScotland",26924,2657,90.1,238,99.1,28,99.9
2018-10-07,"M","NHSScotland","M","NHSScotland",26729,2794,89.5,270,99,56,99.8
2018-10-14,"M","NHSScotland","M","NHSScotland",26298,2580,90.2,234,99.1,30,99.9
2018-10-21,"M","NHSScotland","M","NHSScotland",24524,1891,92.3,151,99.4,16,99.9
2018-10-28,"M","NHSScotland","M","NHSScotland",25428,2000,92.1,142,99.4,16,99.9
2018-11-04,"M","NHSScotland","M","NHSScotland",26112,2367,90.9,238,99.1,46,99.8
2018-11-11,"M","NHSScotland","M","NHSScotland",26921,2897,89.2,299,98.9,52,99.8
2018-11-18,"M","NHSScotland","M","NHSScotland",26911,2887,89.3,244,99.1,31,99.9
2018-11-25,"M","NHSScotland","M","NHSScotland",25878,2232,91.4,219,99.2,43,99.8
2018-12-02,"M","NHSScotland","M","NHSScotland",25742,3086,88,421,98.4,76,99.7
2018-12-09,"M","NHSScotland","M","NHSScotland",27502,3448,87.5,288,99,45,99.8
2018-12-16,"M","NHSScotland","M","NHSScotland",26113,3174,87.8,320,98.8,58,99.8
2018-12-23,"M","NHSScotland","M","NHSScotland",26218,2982,88.6,306,98.8,24,99.9
2018-12-30,"M","NHSScotland","M","NHSScotland",25356,2686,89.4,209,99.2,21,99.9
2019-01-06,"M","NHSScotland","M","NHSScotland",26047,3535,86.4,564,97.8,121,99.5
2019-01-13,"M","NHSScotland","M","NHSScotland",25991,3717,85.7,618,97.6,150,99.4
2019-01-20,"M","NHSScotland","M","NHSScotland",25471,2878,88.7,275,98.9,46,99.8
2019-01-27,"M","NHSScotland","M","NHSScotland",26612,3083,88.4,368,98.6,52,99.8
2019-02-03,"M","NHSScotland","M","NHSScotland",26376,3179,87.9,438,98.3,93,99.6
2019-02-10,"M","NHSScotland","M","NHSScotland",27227,3715,86.4,496,98.2,120,99.6
2019-02-17,"M","NHSScotland","M","NHSScotland",26874,3731,86.1,474,98.2,104,99.6
2019-02-24,"M","NHSScotland","M","NHSScotland",27071,3079,88.6,308,98.9,66,99.8
2019-03-03,"M","NHSScotland","M","NHSScotland",27058,2441,91,246,99.1,50,99.8
2019-03-10,"M","NHSScotland","M","NHSScotland",26752,2583,90.3,248,99.1,59,99.8
2019-03-17,"M","NHSScotland","M","NHSScotland",26984,2928,89.1,289,98.9,58,99.8
2019-03-24,"M","NHSScotland","M","NHSScotland",27419,2758,89.9,204,99.3,37,99.9
2019-03-31,"M","NHSScotland","M","NHSScotland",27126,2663,90.2,243,99.1,52,99.8
2019-04-07,"M","NHSScotland","M","NHSScotland",26240,3027,88.5,307,98.8,70,99.7
2019-04-14,"M","NHSScotland","M","NHSScotland",26674,2727,89.8,207,99.2,21,99.9
2019-04-21,"M","NHSScotland","M","NHSScotland",28550,3338,88.3,280,99,39,99.9
2019-04-28,"M","NHSScotland","M","NHSScotland",29677,3729,87.4,389,98.7,113,99.6
2019-05-05,"M","NHSScotland","M","NHSScotland",27845,3340,88,316,98.9,68,99.8
2019-05-12,"M","NHSScotland","M","NHSScotland",27649,3023,89.1,199,99.3,27,99.9
2019-05-19,"M","NHSScotland","M","NHSScotland",29247,3509,88,319,98.9,60,99.8
2019-05-26,"M","NHSScotland","M","NHSScotland",28287,2863,89.9,246,99.1,38,99.9
2019-06-02,"M","NHSScotland","M","NHSScotland",27658,3120,88.7,284,99,61,99.8
2019-06-09,"M","NHSScotland","M","NHSScotland",28029,3494,87.5,361,98.7,52,99.8
2019-06-16,"M","NHSScotland","M","NHSScotland",28240,2922,89.7,235,99.2,47,99.8
2019-06-23,"M","NHSScotland","M","NHSScotland",28655,3037,89.4,296,99,41,99.9
2019-06-30,"M","NHSScotland","M","NHSScotland",28599,3430,88,295,99,50,99.8
2019-07-07,"M","NHSScotland","M","NHSScotland",27125,2732,89.9,235,99.1,45,99.8
2019-07-14,"M","NHSScotland","M","NHSScotland",27142,2481,90.9,211,99.2,65,99.8
2019-07-21,"M","NHSScotland","M","NHSScotland",27591,2760,90,197,99.3,35,99.9
2019-07-28,"M","NHSScotland","M","NHSScotland",28629,3343,88.3,322,98.9,60,99.8
2019-08-04,"M","NHSScotland","M","NHSScotland",28406,3124,89,288,99,56,99.8
2019-08-11,"M","NHSScotland","M","NHSScotland",27484,3138,88.6,357,98.7,112,99.6
2019-08-18,"M","NHSScotland","M","NHSScotland",27345,2903,89.4,222,99.2,29,99.9
2019-08-25,"M","NHSScotland","M","NHSScotland",28628,3375,88.2,374,98.7,108,99.6
2019-09-01,"M","NHSScotland","M","NHSScotland",29370,3324,88.7,354,98.8,98,99.7
2019-09-08,"M","NHSScotland","M","NHSScotland",28217,2966,89.5,244,99.1,69,99.8
2019-09-15,"M","NHSScotland","M","NHSScotland",28736,3414,88.1,326,98.9,56,99.8
2019-09-22,"M","NHSScotland","M","NHSScotland",29560,3771,87.2,303,99,56,99.8
2019-09-29,"M","NHSScotland","M","NHSScotland",29473,4240,85.6,504,98.3,110,99.6
2019-10-06,"M","NHSScotland","M","NHSScotland",28312,4130,85.4,483,98.3,75,99.7
2019-10-13,"M","NHSScotland","M","NHSScotland",28155,4175,85.2,586,97.9,133,99.5
2019-10-20,"M","NHSScotland","M","NHSScotland",26547,3698,86.1,531,98,142,99.5
2019-10-27,"M","NHSScotland","M","NHSScotland",27427,3841,86,550,98,157,99.4
2019-11-03,"M","NHSScotland","M","NHSScotland",27386,3926,85.7,488,98.2,105,99.6
2019-11-10,"M","NHSScotland","M","NHSScotland",28267,4400,84.4,802,97.2,219,99.2
2019-11-17,"M","NHSScotland","M","NHSScotland",27779,4127,85.1,583,97.9,156,99.4
2019-11-24,"M","NHSScotland","M","NHSScotland",27458,4413,83.9,581,97.9,138,99.5
2019-12-01,"M","NHSScotland","M","NHSScotland",27612,5231,81.1,985,96.4,344,98.8
2019-12-08,"M","NHSScotland","M","NHSScotland",27387,4658,83,831,97,252,99.1
2019-12-15,"M","NHSScotland","M","NHSScotland",27330,5760,78.9,1130,95.9,380,98.6
2019-12-22,"M","NHSScotland","M","NHSScotland",27702,5606,79.8,1022,96.3,301,98.9
2019-12-29,"M","NHSScotland","M","NHSScotland",25006,3720,85.1,368,98.5,50,99.8
2020-01-05,"M","NHSScotland","M","NHSScotland",26453,4776,81.9,719,97.3,135,99.5
2020-01-12,"M","NHSScotland","M","NHSScotland",25375,4685,81.5,1056,95.8,372,98.5
2020-01-19,"M","NHSScotland","M","NHSScotland",25447,3576,85.9,565,97.8,191,99.2
2020-01-26,"M","NHSScotland","M","NHSScotland",26183,3507,86.6,503,98.1,160,99.4
2020-02-02,"M","NHSScotland","M","NHSScotland",26250,4068,84.5,808,96.9,279,98.9
2020-02-09,"M","NHSScotland","M","NHSScotland",26048,3575,86.3,573,97.8,159,99.4
2020-02-16,"M","NHSScotland","M","NHSScotland",24592,3239,86.8,610,97.5,196,99.2
2020-02-23,"M","NHSScotland","M","NHSScotland",26012,4284,83.5,937,96.4,332,98.7
2020-03-01,"M","NHSScotland","M","NHSScotland",26351,3934,85.1,658,97.5,244,99.1
2020-03-08,"M","NHSScotland","M","NHSScotland",26103,4316,83.5,816,96.9,289,98.9
2020-03-15,"M","NHSScotland","M","NHSScotland",24052,3156,86.9,395,98.4,117,99.5
2020-03-22,"M","NHSScotland","M","NHSScotland",16518,1296,92.2,90,99.5,14,99.9
2020-03-29,"M","NHSScotland","M","NHSScotland",11059,876,92.1,62,99.4,8,99.9
2020-04-05,"M","NHSScotland","M","NHSScotland",11276,819,92.7,68,99.4,6,99.9
2020-04-12,"M","NHSScotland","M","NHSScotland",11866,748,93.7,48,99.6,6,99.9
2020-04-19,"M","NHSScotland","M","NHSScotland",12892,609,95.3,22,99.8,0,100
2020-04-26,"M","NHSScotland","M","NHSScotland",15049,790,94.8,32,99.8,3,100
2020-05-03,"M","NHSScotland","M","NHSScotland",16081,821,94.9,33,99.8,1,100
2020-05-10,"M","NHSScotland","M","NHSScotland",16801,759,95.5,32,99.8,3,100
2020-05-17,"M","NHSScotland","M","NHSScotland",16351,664,95.9,26,99.8,3,100
2020-05-24,"M","NHSScotland","M","NHSScotland",17635,813,95.4,40,99.8,3,100
2020-05-31,"M","NHSScotland","M","NHSScotland",19741,939,95.2,54,99.7,5,100
2020-06-07,"M","NHSScotland","M","NHSScotland",20099,1076,94.6,68,99.7,6,100
2020-06-14,"M","NHSScotland","M","NHSScotland",19216,824,95.7,52,99.7,5,100
2020-06-21,"M","NHSScotland","M","NHSScotland",21359,1034,95.2,48,99.8,8,100
2020-06-28,"M","NHSScotland","M","NHSScotland",21680,985,95.5,54,99.8,4,100
2020-07-05,"M","NHSScotland","M","NHSScotland",20503,905,95.6,30,99.9,0,100
2020-07-12,"M","NHSScotland","M","NHSScotland",21468,1068,95,54,99.7,1,100
2020-07-19,"M","NHSScotland","M","NHSScotland",22441,1222,94.6,65,99.7,4,100
2020-07-26,"M","NHSScotland","M","NHSScotland",22550,1343,94,62,99.7,3,100
2020-08-02,"M","NHSScotland","M","NHSScotland",22395,1509,93.3,111,99.5,17,99.9
2020-08-09,"M","NHSScotland","M","NHSScotland",22844,1623,92.9,98,99.6,7,100
2020-08-16,"M","NHSScotland","M","NHSScotland",24009,2075,91.4,156,99.4,11,100
2020-08-23,"M","NHSScotland","M","NHSScotland",24050,1965,91.8,147,99.4,26,99.9
2020-08-30,"M","NHSScotland","M","NHSScotland",23421,1778,92.4,92,99.6,4,100
2020-09-06,"M","NHSScotland","M","NHSScotland",23682,2196,90.7,127,99.5,15,99.9
2020-09-13,"M","NHSScotland","M","NHSScotland",23352,2236,90.4,174,99.3,31,99.9
2020-09-20,"M","NHSScotland","M","NHSScotland",23761,2260,90.5,232,99,72,99.7
2020-09-27,"M","NHSScotland","M","NHSScotland",22247,1753,92.1,182,99.2,46,99.8
2020-10-04,"M","NHSScotland","M","NHSScotland",21817,1828,91.6,155,99.3,28,99.9
2020-10-11,"M","NHSScotland","M","NHSScotland",22181,2661,88,332,98.5,46,99.8
2020-10-18,"M","NHSScotland","M","NHSScotland",19904,1972,90.1,174,99.1,32,99.8
2020-10-25,"M","NHSScotland","M","NHSScotland",20572,2616,87.3,354,98.3,77,99.6
2020-11-01,"M","NHSScotland","M","NHSScotland",20336,2780,86.3,455,97.8,77,99.6
2020-11-08,"M","NHSScotland","M","NHSScotland",20164,2665,86.8,455,97.7,98,99.5
2020-11-15,"M","NHSScotland","M","NHSScotland",20333,2401,88.2,307,98.5,57,99.7
2020-11-22,"M","NHSScotland","M","NHSScotland",19710,2176,89,374,98.1,85,99.6
2020-11-29,"M","NHSScotland","M","NHSScotland",19630,1980,89.9,232,98.8,35,99.8
2020-12-06,"M","NHSScotland","M","NHSScotland",18673,2256,87.9,317,98.3,79,99.6
2020-12-13,"M","NHSScotland","M","NHSScotland",19064,3117,83.6,642,96.6,166,99.1
2020-12-20,"M","NHSScotland","M","NHSScotland",19327,3409,82.4,710,96.3,236,98.8
2020-12-27,"M","NHSScotland","M","NHSScotland",16442,2086,87.3,251,98.5,53,99.7
2021-01-03,"M","NHSScotland","M","NHSScotland",18817,2844,84.9,492,97.4,124,99.3
2021-01-10,"M","NHSScotland","M","NHSScotland",18417,3205,82.6,622,96.6,202,98.9
2021-01-17,"M","NHSScotland","M","NHSScotland",15689,2321,85.2,428,97.3,146,99.1
2021-01-24,"M","NHSScotland","M","NHSScotland",16307,2355,85.6,380,97.7,116,99.3
2021-01-31,"M","NHSScotland","M","NHSScotland",16331,2360,85.5,360,97.8,88,99.5
2021-02-07,"M","NHSScotland","M","NHSScotland",16152,2544,84.2,524,96.8,157,99
2021-02-14,"M","NHSScotland","M","NHSScotland",16873,2232,86.8,329,98.1,95,99.4
2021-02-21,"M","NHSScotland","M","NHSScotland",18296,2986,83.7,467,97.4,104,99.4
2021-02-28,"M","NHSScotland","M","NHSScotland",18786,2816,85,433,97.7,120,99.4
2021-03-07,"M","NHSScotland","M","NHSScotland",18827,2244,88.1,250,98.7,54,99.7
2021-03-14,"M","NHSScotland","M","NHSScotland",19104,2285,88,272,98.6,57,99.7
2021-03-21,"M","NHSScotland","M","NHSScotland",21626,2831,86.9,351,98.4,95,99.6
2021-03-28,"M","NHSScotland","M","NHSScotland",21465,2537,88.2,298,98.6,72,99.7
2021-04-04,"M","NHSScotland","M","NHSScotland",22591,3121,86.2,338,98.5,61,99.7
2021-04-11,"M","NHSScotland","M","NHSScotland",22025,2993,86.4,329,98.5,64,99.7
2021-04-18,"M","NHSScotland","M","NHSScotland",23419,2805,88,218,99.1,52,99.8
2021-04-25,"M","NHSScotland","M","NHSScotland",24879,2837,88.6,246,99,34,99.9
2021-05-02,"M","NHSScotland","M","NHSScotland",23828,2850,88,272,98.9,41,99.8
2021-05-09,"M","NHSScotland","M","NHSScotland",23954,3014,87.4,250,99,41,99.8
2021-05-16,"M","NHSScotland","M","NHSScotland",25816,3922,84.8,443,98.3,105,99.6
2021-05-23,"M","NHSScotland","M","NHSScotland",25724,3443,86.6,415,98.4,113,99.6
2021-05-30,"M","NHSScotland","M","NHSScotland",26127,3746,85.7,421,98.4,119,99.5
2021-06-06,"M","NHSScotland","M","NHSScotland",28494,4616,83.8,479,98.3,114,99.6
2021-06-13,"M","NHSScotland","M","NHSScotland",28326,4488,84.2,555,98,118,99.6
2021-06-20,"M","NHSScotland","M","NHSScotland",27893,4885,82.5,582,97.9,130,99.5
2021-06-27,"M","NHSScotland","M","NHSScotland",26404,4178,84.2,527,98,121,99.5
2021-07-04,"M","NHSScotland","M","NHSScotland",26085,4802,81.6,573,97.8,113,99.6
2021-07-11,"M","NHSScotland","M","NHSScotland",25420,5053,80.1,712,97.2,168,99.3
2021-07-18,"M","NHSScotland","M","NHSScotland",26204,5581,78.7,865,96.7,171,99.3
2021-07-25,"M","NHSScotland","M","NHSScotland",26308,5349,79.7,812,96.9,179,99.3
2021-08-01,"M","NHSScotland","M","NHSScotland",25670,5475,78.7,868,96.6,185,99.3
2021-08-08,"M","NHSScotland","M","NHSScotland",25604,6027,76.5,1002,96.1,273,98.9
2021-08-15,"M","NHSScotland","M","NHSScotland",25476,6125,76,1064,95.8,245,99
2021-08-22,"M","NHSScotland","M","NHSScotland",26648,6636,75.1,1176,95.6,298,98.9
2021-08-29,"M","NHSScotland","M","NHSScotland",27589,7100,74.3,1501,94.6,424,98.5
2021-09-05,"M","NHSScotland","M","NHSScotland",27272,6921,74.6,1245,95.4,302,98.9
2021-09-12,"M","NHSScotland","M","NHSScotland",27374,7795,71.5,1908,93,561,98
2021-09-19,"M","NHSScotland","M","NHSScotland",26888,6882,74.4,1426,94.7,353,98.7
2021-09-26,"M","NHSScotland","M","NHSScotland",26178,6264,76.1,1187,95.5,340,98.7
2021-10-03,"M","NHSScotland","M","NHSScotland",25152,7230,71.3,1810,92.8,618,97.5
2021-10-10,"M","NHSScotland","M","NHSScotland",25364,7285,71.3,1898,92.5,637,97.5
2021-10-17,"M","NHSScotland","M","NHSScotland",24132,7018,70.9,1802,92.5,529,97.8
2021-10-24,"M","NHSScotland","M","NHSScotland",24425,7431,69.6,1957,92,638,97.4
2021-10-31,"M","NHSScotland","M","NHSScotland",24177,6937,71.3,1634,93.2,521,97.8
2021-11-07,"M","NHSScotland","M","NHSScotland",24358,6390,73.8,1299,94.7,438,98.2
2021-11-14,"M","NHSScotland","M","NHSScotland",24741,6141,75.2,1264,94.9,350,98.6
2021-11-21,"M","NHSScotland","M","NHSScotland",24200,6488,73.2,1338,94.5,376,98.4
2021-11-28,"M","NHSScotland","M","NHSScotland",23257,6103,73.8,1294,94.4,432,98.1
2021-12-05,"M","NHSScotland","M","NHSScotland",23883,6614,72.3,1550,93.5,489,98
2021-12-12,"M","NHSScotland","M","NHSScotland",24035,7306,69.6,1830,92.4,623,97.4
2021-12-19,"M","NHSScotland","M","NHSScotland",22394,5892,73.7,1293,94.2,455,98
2021-12-26,"M","NHSScotland","M","NHSScotland",18946,3757,80.2,507,97.3,135,99.3
2022-01-02,"M","NHSScotland","M","NHSScotland",21868,6194,71.7,1296,94.1,298,98.6
2022-01-09,"M","NHSScotland","M","NHSScotland",21186,6920,67.3,2098,90.1,710,96.6
2022-01-16,"M","NHSScotland","M","NHSScotland",20827,5223,74.9,1394,93.3,477,97.7
2022-01-23,"M","NHSScotland","M","NHSScotland",21390,4775,77.7,968,95.5,303,98.6
2022-01-30,"M","NHSScotland","M","NHSScotland",23175,5659,75.6,1284,94.5,483,97.9
2022-02-06,"M","NHSScotland","M","NHSScotland",23456,6015,74.4,1372,94.2,523,97.8
2022-02-13,"M","NHSScotland","M","NHSScotland",23882,6422,73.1,1450,93.9,529,97.8
2022-02-20,"M","NHSScotland","M","NHSScotland",23346,7054,69.8,1765,92.4,639,97.3
2022-02-27,"M","NHSScotland","M","NHSScotland",24686,7213,70.8,1623,93.4,548,97.8
2022-03-06,"M","NHSScotland","M","NHSScotland",24978,7362,70.5,1849,92.6,666,97.3
2022-03-13,"M","NHSScotland","M","NHSScotland",25637,8095,68.4,2237,91.3,765,97
2022-03-20,"M","NHSScotland","M","NHSScotland",25540,8631,66.2,2647,89.6,1043,95.9
2022-03-27,"M","NHSScotland","M","NHSScotland",25299,8001,68.4,2659,89.5,1053,95.8
2022-04-03,"M","NHSScotland","M","NHSScotland",24618,7901,67.9,2525,89.7,989,96
2022-04-10,"M","NHSScotland","M","NHSScotland",23780,7955,66.5,2460,89.7,988,95.8
2022-04-17,"M","NHSScotland","M","NHSScotland",23920,7628,68.1,2194,90.8,888,96.3
2022-04-24,"M","NHSScotland","M","NHSScotland",26294,7864,70.1,2026,92.3,696,97.4
2022-05-01,"M","NHSScotland","M","NHSScotland",25702,7287,71.6,1750,93.2,681,97.4
2022-05-08,"M","NHSScotland","M","NHSScotland",26251,7978,69.6,2158,91.8,671,97.4
2022-05-15,"M","NHSScotland","M","NHSScotland",27023,8066,70.2,2110,92.2,656,97.6
2022-05-22,"M","NHSScotland","M","NHSScotland",27129,8080,70.2,2008,92.6,671,97.5
2022-05-29,"M","NHSScotland","M","NHSScotland",26986,8203,69.6,2343,91.3,846,96.9
2022-06-05,"M","NHSScotland","M","NHSScotland",27872,8476,69.6,2073,92.6,622,97.8
2022-06-12,"M","NHSScotland","M","NHSScotland",27064,8310,69.3,2259,91.7,783,97.1
2022-06-19,"M","NHSScotland","M","NHSScotland",26897,8585,68.1,2280,91.5,807,97
2022-06-26,"M","NHSScotland","M","NHSScotland",27665,9003,67.5,2580,90.7,954,96.6
2022-07-03,"M","NHSScotland","M","NHSScotland",25942,9126,64.8,3124,88,1190,95.4
2022-07-10,"M","NHSScotland","M","NHSScotland",24634,8202,66.7,2593,89.5,935,96.2
2022-07-17,"M","NHSScotland","M","NHSScotland",25092,8071,67.8,2457,90.2,942,96.2
2022-07-24,"M","NHSScotland","M","NHSScotland",25644,8972,65,2826,89,1089,95.8
2022-07-31,"M","NHSScotland","M","NHSScotland",24717,8330,66.3,2558,89.7,1058,95.7
2022-08-07,"M","NHSScotland","M","NHSScotland",24919,8057,67.7,2438,90.2,969,96.1
2022-08-14,"M","NHSScotland","M","NHSScotland",26247,9172,65.1,2912,88.9,1016,96.1
2022-08-21,"M","NHSScotland","M","NHSScotland",26081,9154,64.9,3223,87.6,1341,94.9
2022-08-28,"M","NHSScotland","M","NHSScotland",26598,9034,66,2807,89.4,1091,95.9
2022-09-04,"M","NHSScotland","M","NHSScotland",27037,8744,67.7,2682,90.1,1004,96.3
2022-09-11,"M","NHSScotland","M","NHSScotland",27233,9921,63.6,3399,87.5,1283,95.3
2022-09-18,"M","NHSScotland","M","NHSScotland",26442,8953,66.1,2731,89.7,1032,96.1
2022-09-25,"M","NHSScotland","M","NHSScotland",25925,8738,66.3,2882,88.9,1056,95.9
2022-10-02,"M","NHSScotland","M","NHSScotland",26083,9310,64.3,3460,86.7,1539,94.1
2022-10-09,"M","NHSScotland","M","NHSScotland",25743,9230,64.1,3610,86,1557,94
2022-10-16,"M","NHSScotland","M","NHSScotland",24900,8670,65.2,3099,87.6,1396,94.4
2022-10-23,"M","NHSScotland","M","NHSScotland",24246,8496,65,3104,87.2,1421,94.1
2022-10-30,"M","NHSScotland","M","NHSScotland",26100,9648,63,3439,86.8,1492,94.3
2022-11-06,"M","NHSScotland","M","NHSScotland",25135,8755,65.2,3032,87.9,1360,94.6
2022-11-13,"M","NHSScotland","M","NHSScotland",26348,9130,65.3,2958,88.8,1080,95.9
2022-11-20,"M","NHSScotland","M","NHSScotland",25472,9386,63.2,3021,88.1,1070,95.8
2022-11-27,"M","NHSScotland","M","NHSScotland",25043,9562,61.8,3407,86.4,1268,94.9
2022-12-04,"M","NHSScotland","M","NHSScotland",25496,9358,63.3,3092,87.9,1319,94.8
2022-12-11,"M","NHSScotland","M","NHSScotland",26118,9774,62.6,3045,88.3,1150,95.6
2022-12-18,"M","NHSScotland","M","NHSScotland",26532,11905,55.1,4537,82.9,1821,93.1
2022-12-25,"M","NHSScotland","M","NHSScotland",25062,10654,57.5,4543,81.9,2183,91.3
2023-01-01,"M","NHSScotland","M","NHSScotland",24685,10866,56,4977,79.8,2506,89.8
